track_id, year, month, day, hour, i, j, lon, lat, prgamax, maxcolwamax, maxcolreflmax, prmax, helicitymaxmax, wsgsmaxmax, sfcWindmaxmax, prmean
0, 2013, 11, 10, 7, 1105, 504, 152.220000, -25.530000, 3.646312e-08, 1.266992e+01, 5.662500e+01, 4.358657e-03, 1.175530e+02, 1.390625e+01, 5.981995e+00, 7.101205e-04
0, 2013, 11, 10, 8, 1108, 501, 152.340000, -25.650000, 4.823325e-09, 1.434015e+01, 5.687500e+01, 1.243723e-02, 1.368780e+02, 1.426172e+01, 6.308472e+00, 6.770646e-03
1, 2013, 11, 10, 8, 1112, 498, 152.500000, -25.770000, 7.206172e-09, 1.182199e+01, 5.787500e+01, 5.818538e-03, 1.165411e+02, 1.311719e+01, 5.827461e+00, 7.390078e-04
1, 2013, 11, 10, 9, 1114, 497, 152.580000, -25.810000, 1.865155e-08, 1.030177e+01, 6.012500e+01, 8.971825e-03, 9.261739e+01, 1.231641e+01, 5.529198e+00, 5.092697e-03
2, 2013, 11, 13, 7, 1103, 471, 152.140000, -26.850000, 1.497948e-09, 1.376196e+01, 5.825000e+01, 6.191328e-03, 9.858591e+01, 1.469531e+01, 6.650131e+00, 7.245913e-04
2, 2013, 11, 13, 8, 1103, 470, 152.140000, -26.890000, 3.405590e-09, 1.328649e+01, 5.787500e+01, 6.378949e-03, 1.069116e+02, 1.459766e+01, 6.703972e+00, 4.084218e-03
3, 2013, 11, 13, 7, 1102, 473, 152.100000, -26.770000, 4.045753e-09, 1.385258e+01, 5.825000e+01, 7.729694e-03, 9.858591e+01, 1.480469e+01, 7.331169e+00, 2.783093e-03
3, 2013, 11, 13, 8, 1103, 470, 152.140000, -26.890000, 3.405590e-09, 1.328649e+01, 5.787500e+01, 6.378949e-03, 1.069116e+02, 1.459766e+01, 6.703972e+00, 4.084218e-03
4, 2013, 11, 13, 8, 1106, 461, 152.260000, -27.250000, 1.462760e-09, 1.252961e+01, 5.500000e+01, 3.462829e-03, 1.117176e+02, 1.386719e+01, 6.684669e+00, 6.736634e-04
4, 2013, 11, 13, 9, 1106, 460, 152.260000, -27.290000, 1.691745e-08, 1.287895e+01, 5.750000e+01, 1.069327e-02, 8.229848e+01, 1.217969e+01, 5.706993e+00, 4.603690e-03
5, 2013, 11, 13, 8, 1105, 463, 152.220000, -27.170000, 5.462830e-09, 1.368296e+01, 5.625000e+01, 5.693957e-03, 1.257402e+02, 1.428906e+01, 6.837402e+00, 2.213647e-03
5, 2013, 11, 13, 9, 1106, 460, 152.260000, -27.290000, 1.691745e-08, 1.287895e+01, 5.750000e+01, 1.069327e-02, 8.229848e+01, 1.217969e+01, 5.706993e+00, 4.603690e-03
6, 2013, 11, 14, 0, 1155, 386, 154.220000, -30.250000, 3.784573e-10, 1.126425e+01, 5.700000e+01, 5.772397e-03, 8.880470e+01, 1.342188e+01, 1.095507e+01, 1.652270e-03
6, 2013, 11, 14, 1, 1156, 384, 154.260000, -30.330000, 4.885160e-10, 1.165279e+01, 5.887500e+01, 7.401899e-03, 1.028488e+02, 1.560156e+01, 1.164201e+01, 3.947411e-03
7, 2013, 11, 14, 2, 1088, 435, 151.540000, -28.290000, 1.115331e-08, 1.385746e+01, 5.350000e+01, 1.930274e-03, 8.560191e+01, 1.362500e+01, 7.102837e+00, 2.135319e-04
7, 2013, 11, 14, 3, 1088, 434, 151.540000, -28.330000, 2.443102e-08, 1.512938e+01, 5.675000e+01, 7.372387e-03, 1.258439e+02, 1.827344e+01, 9.444946e+00, 4.802107e-03
8, 2013, 11, 14, 2, 1061, 445, 150.460000, -27.890000, 1.018070e-09, 1.939507e+01, 5.537500e+01, 3.617629e-03, 1.000799e+02, 1.357812e+01, 7.120354e+00, 4.679660e-04
8, 2013, 11, 14, 3, 1062, 444, 150.500000, -27.930000, 1.261270e-09, 1.742665e+01, 5.500000e+01, 3.365673e-03, 1.060541e+02, 1.589453e+01, 7.807335e+00, 1.416682e-03
9, 2013, 11, 14, 2, 1103, 458, 152.140000, -27.370000, 1.860254e-08, 1.566301e+01, 5.450000e+01, 2.369784e-03, 8.423577e+01, 1.235156e+01, 5.660904e+00, 7.140342e-04
9, 2013, 11, 14, 3, 1103, 458, 152.140000, -27.370000, 8.387220e-09, 1.864466e+01, 5.587500e+01, 6.793611e-03, 1.004097e+02, 1.204297e+01, 5.364708e+00, 1.834155e-03
10, 2013, 11, 14, 2, 1102, 460, 152.100000, -27.290000, 1.860254e-08, 1.566301e+01, 5.612500e+01, 3.550455e-03, 8.423577e+01, 1.235156e+01, 5.660904e+00, 1.387200e-03
10, 2013, 11, 14, 3, 1103, 458, 152.140000, -27.370000, 8.387220e-09, 1.864466e+01, 5.587500e+01, 6.793611e-03, 1.004097e+02, 1.204297e+01, 5.364708e+00, 1.834155e-03
11, 2013, 11, 14, 3, 1092, 428, 151.700000, -28.570000, 3.120202e-08, 1.709775e+01, 5.450000e+01, 3.449216e-03, 1.373409e+02, 2.037500e+01, 1.078064e+01, 1.013626e-03
11, 2013, 11, 14, 4, 1092, 428, 151.700000, -28.570000, 1.304652e-08, 1.094471e+01, 5.512500e+01, 3.505141e-03, 9.261443e+01, 1.857031e+01, 1.013563e+01, 1.839072e-03
12, 2013, 11, 14, 3, 1096, 428, 151.860000, -28.570000, 5.648462e-08, 2.061840e+01, 5.425000e+01, 3.449216e-03, 1.607353e+02, 2.163281e+01, 1.022808e+01, 6.899632e-04
12, 2013, 11, 14, 4, 1098, 427, 151.940000, -28.610000, 9.147229e-08, 1.854368e+01, 5.537500e+01, 5.480960e-03, 1.034384e+02, 2.066016e+01, 9.869293e+00, 3.379804e-03
13, 2013, 11, 14, 3, 1094, 429, 151.780000, -28.530000, 9.313155e-08, 2.061840e+01, 5.450000e+01, 3.449216e-03, 1.607353e+02, 2.279297e+01, 1.151633e+01, 1.567903e-03
13, 2013, 11, 14, 4, 1092, 428, 151.700000, -28.570000, 1.304652e-08, 1.094471e+01, 5.512500e+01, 3.505141e-03, 9.261443e+01, 1.857031e+01, 1.013563e+01, 1.839072e-03
14, 2013, 11, 14, 3, 1089, 430, 151.580000, -28.490000, 2.387519e-09, 1.227283e+01, 5.700000e+01, 6.790094e-03, 1.163046e+02, 1.963281e+01, 1.024174e+01, 1.906669e-03
14, 2013, 11, 14, 4, 1092, 428, 151.700000, -28.570000, 1.304652e-08, 1.094471e+01, 5.512500e+01, 3.505141e-03, 9.261443e+01, 1.857031e+01, 1.013563e+01, 1.839072e-03
15, 2013, 11, 14, 3, 1045, 488, 149.820000, -26.170000, 3.995299e-09, 2.117440e+01, 5.400000e+01, 3.109254e-03, 8.553204e+01, 1.966406e+01, 1.155975e+01, 1.285254e-03
15, 2013, 11, 14, 4, 1042, 491, 149.700000, -26.050000, 2.117036e-10, 1.403087e+01, 5.375000e+01, 2.161384e-03, 8.556297e+01, 1.023828e+01, 5.566864e+00, 1.175031e-03
16, 2013, 11, 14, 4, 1061, 451, 150.460000, -27.650000, 1.113146e-08, 2.428147e+01, 5.375000e+01, 2.135135e-03, 1.578299e+02, 2.472656e+01, 1.367828e+01, 5.530243e-04
16, 2013, 11, 14, 5, 1060, 451, 150.420000, -27.650000, 9.200448e-10, 2.214770e+01, 5.350000e+01, 1.846373e-03, 1.176641e+02, 2.455859e+01, 1.410427e+01, 3.712624e-04
17, 2013, 11, 14, 4, 1058, 453, 150.340000, -27.570000, 4.283649e-08, 2.428147e+01, 5.525000e+01, 2.926886e-03, 1.545797e+02, 2.298047e+01, 1.337553e+01, 1.325410e-03
17, 2013, 11, 14, 5, 1060, 451, 150.420000, -27.650000, 9.200448e-10, 2.214770e+01, 5.350000e+01, 1.846373e-03, 1.176641e+02, 2.455859e+01, 1.410427e+01, 3.712624e-04
18, 2013, 11, 14, 4, 1060, 472, 150.420000, -26.810000, 1.743304e-08, 2.056774e+01, 5.387500e+01, 2.072662e-03, 2.123648e+02, 2.561328e+01, 1.348889e+01, 7.014938e-04
18, 2013, 11, 14, 5, 1063, 470, 150.540000, -26.890000, 3.697448e-09, 1.856931e+01, 5.400000e+01, 1.970507e-03, 2.187937e+02, 2.462500e+01, 1.320501e+01, 1.138118e-03
19, 2013, 11, 14, 4, 1056, 476, 150.260000, -26.650000, 2.908309e-08, 1.947672e+01, 5.462500e+01, 2.507523e-03, 1.611086e+02, 2.078125e+01, 1.089712e+01, 1.325763e-03
19, 2013, 11, 14, 5, 1054, 474, 150.180000, -26.730000, 1.403916e-09, 1.028648e+01, 5.525000e+01, 3.565416e-03, 7.981231e+01, 1.510156e+01, 8.085213e+00, 1.529566e-03
20, 2013, 11, 14, 5, 1071, 444, 150.860000, -27.930000, 1.255543e-09, 1.754342e+01, 5.387500e+01, 2.963535e-03, 1.036770e+02, 1.150391e+01, 5.740822e+00, 7.323346e-04
20, 2013, 11, 14, 6, 1072, 441, 150.900000, -28.050000, 9.085648e-10, 1.390332e+01, 5.487500e+01, 3.035963e-03, 8.125983e+01, 1.302734e+01, 6.789307e+00, 1.470915e-03
21, 2013, 11, 14, 5, 1006, 616, 148.260000, -21.050000, 2.484123e-09, 1.920551e+01, 5.825000e+01, 7.257968e-03, 1.368162e+02, 2.091406e+01, 1.072421e+01, 1.452612e-03
21, 2013, 11, 14, 6, 1008, 614, 148.340000, -21.130000, 1.234502e-08, 1.576646e+01, 5.750000e+01, 7.765658e-03, 9.254941e+01, 1.988281e+01, 1.002995e+01, 3.820375e-03
22, 2013, 11, 14, 6, 1122, 488, 152.900000, -26.170000, 1.183838e-08, 1.368379e+01, 5.537500e+01, 4.454903e-03, 1.092169e+02, 1.177344e+01, 5.051895e+00, 1.200406e-03
22, 2013, 11, 14, 7, 1124, 486, 152.980000, -26.250000, 2.008999e-09, 1.295142e+01, 5.712500e+01, 4.918545e-03, 8.429404e+01, 1.095703e+01, 4.712112e+00, 2.712830e-03
23, 2013, 11, 14, 7, 1104, 479, 152.180000, -26.530000, 3.898975e-09, 1.128830e+01, 5.562500e+01, 5.706169e-03, 8.328992e+01, 1.620312e+01, 7.303864e+00, 8.033106e-04
23, 2013, 11, 14, 8, 1105, 478, 152.220000, -26.570000, 1.692576e-08, 1.775668e+01, 5.875000e+01, 1.705248e-02, 9.892787e+01, 2.103125e+01, 1.153534e+01, 1.098181e-02
24, 2013, 11, 14, 7, 1100, 482, 152.020000, -26.410000, 9.283408e-09, 1.664892e+01, 5.650000e+01, 6.449021e-03, 1.004210e+02, 1.774219e+01, 9.324310e+00, 2.008632e-03
24, 2013, 11, 14, 8, 1101, 482, 152.060000, -26.410000, 1.628552e-08, 1.888669e+01, 5.900000e+01, 1.421029e-02, 8.716252e+01, 2.000781e+01, 1.114308e+01, 9.466887e-03
25, 2013, 11, 15, 1, 1105, 421, 152.220000, -28.850000, 3.076582e-07, 1.712455e+01, 5.837500e+01, 1.868449e-03, 1.161643e+02, 1.291406e+01, 5.612534e+00, 3.414463e-04
25, 2013, 11, 15, 2, 1108, 417, 152.340000, -29.010000, 1.750165e-07, 1.545474e+01, 5.475000e+01, 6.069660e-03, 1.056647e+02, 1.288672e+01, 5.510651e+00, 2.928421e-03
26, 2013, 11, 15, 1, 1090, 518, 151.620000, -24.970000, 7.339298e-10, 1.592916e+01, 5.725000e+01, 4.451029e-03, 1.145910e+02, 1.764844e+01, 7.948799e+00, 9.569806e-04
26, 2013, 11, 15, 2, 1091, 517, 151.660000, -25.010000, 3.929609e-09, 1.640431e+01, 5.825000e+01, 6.283544e-03, 1.312435e+02, 1.687500e+01, 7.937080e+00, 3.591058e-03
27, 2013, 11, 15, 1, 1091, 521, 151.660000, -24.850000, 1.395632e-09, 1.463495e+01, 5.687500e+01, 4.614137e-03, 8.621350e+01, 1.583203e+01, 7.073143e+00, 1.916628e-03
27, 2013, 11, 15, 2, 1091, 517, 151.660000, -25.010000, 3.929609e-09, 1.640431e+01, 5.825000e+01, 6.283544e-03, 1.312435e+02, 1.687500e+01, 7.937080e+00, 3.591058e-03
28, 2013, 11, 15, 2, 1070, 442, 150.820000, -28.010000, 2.692269e-08, 1.978329e+01, 5.537500e+01, 4.847996e-03, 9.268324e+01, 1.545703e+01, 8.624954e+00, 2.533185e-03
28, 2013, 11, 15, 3, 1072, 443, 150.900000, -27.970000, 9.407390e-09, 1.244205e+01, 5.412500e+01, 4.438408e-03, 8.826384e+01, 1.594141e+01, 7.598183e+00, 2.547463e-03
29, 2013, 11, 15, 2, 1072, 443, 150.900000, -27.970000, 5.600785e-08, 1.978329e+01, 5.600000e+01, 6.277017e-03, 9.268324e+01, 1.168750e+01, 6.451775e+00, 2.251064e-03
29, 2013, 11, 15, 3, 1072, 443, 150.900000, -27.970000, 9.407390e-09, 1.244205e+01, 5.412500e+01, 4.438408e-03, 8.826384e+01, 1.594141e+01, 7.598183e+00, 2.547463e-03
30, 2013, 11, 15, 2, 1071, 445, 150.860000, -27.890000, 7.790741e-09, 1.736711e+01, 5.600000e+01, 6.277017e-03, 8.387244e+01, 1.216406e+01, 5.942093e+00, 2.666068e-03
30, 2013, 11, 15, 3, 1072, 443, 150.900000, -27.970000, 9.407390e-09, 1.244205e+01, 5.412500e+01, 4.438408e-03, 8.826384e+01, 1.594141e+01, 7.598183e+00, 2.547463e-03
31, 2013, 11, 15, 3, 1069, 560, 150.780000, -23.290000, 4.365485e-09, 1.384716e+01, 5.737500e+01, 4.038565e-03, 7.533834e+01, 1.658594e+01, 1.097692e+01, 6.792120e-04
31, 2013, 11, 15, 4, 1070, 559, 150.820000, -23.330000, 2.273066e-09, 1.434240e+01, 5.762500e+01, 7.858276e-03, 7.681377e+01, 1.682031e+01, 1.216376e+01, 4.094022e-03
32, 2013, 11, 15, 4, 1095, 426, 151.820000, -28.650000, 2.044892e-08, 1.439535e+01, 5.337500e+01, 3.514074e-03, 9.418739e+01, 2.075000e+01, 1.009064e+01, 1.103126e-03
32, 2013, 11, 15, 5, 1094, 426, 151.780000, -28.650000, 3.985564e-08, 9.637337e+00, 5.112500e+01, 6.283164e-03, 7.845357e+01, 1.989062e+01, 9.237709e+00, 4.163049e-03
33, 2013, 11, 15, 4, 1100, 495, 152.020000, -25.890000, 1.115028e-08, 1.468992e+01, 5.587500e+01, 3.077842e-03, 1.216372e+02, 1.425781e+01, 6.534477e+00, 3.059113e-04
33, 2013, 11, 15, 5, 1101, 494, 152.060000, -25.930000, 1.114355e-08, 1.411921e+01, 5.650000e+01, 5.345166e-03, 1.401736e+02, 1.398438e+01, 7.042877e+00, 2.861643e-03
34, 2013, 11, 15, 4, 1098, 496, 151.940000, -25.850000, 1.115028e-08, 1.468992e+01, 5.687500e+01, 5.579136e-03, 1.216372e+02, 1.402344e+01, 6.969978e+00, 1.519550e-03
34, 2013, 11, 15, 5, 1097, 499, 151.900000, -25.730000, 2.582569e-09, 1.191214e+01, 5.725000e+01, 1.073518e-02, 8.268235e+01, 1.556641e+01, 7.557564e+00, 4.837594e-03
35, 2013, 11, 15, 4, 1096, 497, 151.860000, -25.810000, 2.307507e-09, 1.262259e+01, 5.687500e+01, 7.026821e-03, 1.121501e+02, 1.400391e+01, 7.046257e+00, 3.309206e-03
35, 2013, 11, 15, 5, 1097, 499, 151.900000, -25.730000, 2.582569e-09, 1.191214e+01, 5.725000e+01, 1.073518e-02, 8.268235e+01, 1.556641e+01, 7.557564e+00, 4.837594e-03
36, 2013, 11, 15, 5, 1101, 461, 152.060000, -27.250000, 2.137222e-08, 1.131316e+01, 5.350000e+01, 1.998074e-03, 1.249090e+02, 1.475000e+01, 7.269630e+00, 3.542879e-04
36, 2013, 11, 15, 6, 1102, 460, 152.100000, -27.290000, 1.334629e-08, 1.028817e+01, 5.375000e+01, 3.412880e-03, 1.153744e+02, 1.910156e+01, 9.187424e+00, 2.235552e-03
37, 2013, 11, 15, 5, 1081, 531, 151.260000, -24.450000, 1.241126e-10, 1.056917e+01, 5.712500e+01, 5.829647e-03, 8.614217e+01, 1.870312e+01, 8.580879e+00, 1.942425e-03
37, 2013, 11, 15, 6, 1084, 529, 151.380000, -24.530000, 3.547961e-10, 1.336519e+01, 5.737500e+01, 5.992703e-03, 1.238712e+02, 2.311719e+01, 1.056492e+01, 3.324683e-03
38, 2013, 11, 15, 5, 1086, 532, 151.460000, -24.410000, 3.811853e-09, 1.678496e+01, 5.687500e+01, 3.413215e-03, 1.587164e+02, 2.079297e+01, 9.913963e+00, 5.954802e-04
38, 2013, 11, 15, 6, 1087, 531, 151.500000, -24.450000, 1.590557e-09, 1.542908e+01, 5.675000e+01, 5.992703e-03, 1.416711e+02, 1.769531e+01, 7.806885e+00, 3.644596e-03
39, 2013, 11, 15, 5, 1084, 533, 151.380000, -24.370000, 3.811853e-09, 1.678496e+01, 5.712500e+01, 5.829647e-03, 1.587164e+02, 2.107031e+01, 9.047394e+00, 2.141418e-03
39, 2013, 11, 15, 6, 1087, 531, 151.500000, -24.450000, 1.590557e-09, 1.542908e+01, 5.675000e+01, 5.992703e-03, 1.416711e+02, 1.769531e+01, 7.806885e+00, 3.644596e-03
40, 2013, 11, 15, 6, 1099, 521, 151.980000, -24.850000, 9.064445e-10, 1.266434e+01, 5.500000e+01, 1.662806e-03, 7.837656e+01, 1.765625e+01, 8.752228e+00, 1.683973e-04
40, 2013, 11, 15, 7, 1099, 521, 151.980000, -24.850000, 1.668605e-09, 1.446899e+01, 5.662500e+01, 3.872253e-03, 1.049807e+02, 2.113672e+01, 9.749847e+00, 2.947635e-03
41, 2013, 11, 15, 6, 1097, 522, 151.900000, -24.810000, 9.064445e-10, 1.266434e+01, 5.525000e+01, 3.168613e-03, 7.837656e+01, 1.765625e+01, 8.752228e+00, 1.131317e-03
41, 2013, 11, 15, 7, 1099, 521, 151.980000, -24.850000, 1.668605e-09, 1.446899e+01, 5.662500e+01, 3.872253e-03, 1.049807e+02, 2.113672e+01, 9.749847e+00, 2.947635e-03
42, 2013, 11, 15, 8, 1088, 502, 151.540000, -25.610000, 5.740653e-09, 1.546260e+01, 5.662500e+01, 4.378825e-03, 7.954881e+01, 1.509375e+01, 7.926491e+00, 7.951771e-04
42, 2013, 11, 15, 9, 1089, 501, 151.580000, -25.650000, 9.674052e-09, 1.407584e+01, 5.625000e+01, 4.299030e-03, 9.320277e+01, 1.575781e+01, 8.117828e+00, 2.282118e-03
43, 2013, 11, 15, 8, 1085, 503, 151.420000, -25.570000, 5.740653e-09, 1.585697e+01, 5.675000e+01, 6.621569e-03, 7.921633e+01, 1.358594e+01, 6.679779e+00, 1.990413e-03
43, 2013, 11, 15, 9, 1089, 501, 151.580000, -25.650000, 9.674052e-09, 1.407584e+01, 5.625000e+01, 4.299030e-03, 9.320277e+01, 1.575781e+01, 8.117828e+00, 2.282118e-03
44, 2013, 11, 16, 5, 1100, 506, 152.020000, -25.450000, 1.011556e-08, 1.529586e+01, 5.487500e+01, 2.832502e-03, 1.019928e+02, 1.735938e+01, 8.371056e+00, 3.715015e-04
44, 2013, 11, 16, 6, 1102, 503, 152.100000, -25.570000, 3.019260e-09, 1.539627e+01, 5.475000e+01, 6.614722e-03, 1.237396e+02, 1.871484e+01, 8.331924e+00, 3.469705e-03
45, 2013, 11, 16, 6, 1097, 500, 151.900000, -25.690000, 1.989743e-09, 1.464104e+01, 5.575000e+01, 6.371722e-03, 1.670996e+02, 1.880859e+01, 9.953117e+00, 2.227572e-03
45, 2013, 11, 16, 7, 1097, 500, 151.900000, -25.690000, 3.524553e-09, 1.216654e+01, 5.550000e+01, 7.054836e-03, 1.231284e+02, 1.630469e+01, 8.487076e+00, 3.055229e-03
46, 2013, 11, 16, 16, 1166, 563, 154.660000, -23.170000, 5.128016e-09, 1.161438e+01, 5.787500e+01, 6.180882e-03, 9.889146e+01, 1.328125e+01, 1.000171e+01, 2.402743e-03
46, 2013, 11, 16, 17, 1169, 559, 154.780000, -23.330000, 3.937389e-09, 1.124278e+01, 5.800000e+01, 7.060155e-03, 8.298696e+01, 1.372266e+01, 1.069305e+01, 4.104286e-03
47, 2013, 11, 22, 3, 1027, 500, 149.100000, -25.690000, 4.799728e-09, 1.682603e+01, 5.750000e+01, 4.785292e-03, 1.257295e+02, 1.411328e+01, 6.815216e+00, 1.098769e-03
47, 2013, 11, 22, 4, 1027, 500, 149.100000, -25.690000, 1.228185e-08, 1.621480e+01, 5.775000e+01, 1.234017e-02, 9.823869e+01, 1.491016e+01, 7.385239e+00, 5.891574e-03
47, 2013, 11, 22, 5, 1030, 496, 149.220000, -25.850000, 1.413893e-09, 1.763688e+01, 5.775000e+01, 3.579944e-03, 1.900045e+02, 1.579688e+01, 8.404472e+00, 1.864262e-03
48, 2013, 11, 22, 3, 1030, 501, 149.220000, -25.650000, 8.904735e-09, 1.682603e+01, 5.337500e+01, 1.674615e-03, 1.257295e+02, 1.666406e+01, 7.822372e+00, 2.804764e-04
48, 2013, 11, 22, 4, 1030, 499, 149.220000, -25.730000, 4.108039e-08, 1.682318e+01, 5.762500e+01, 1.234017e-02, 1.152525e+02, 1.609766e+01, 7.824272e+00, 5.641296e-03
48, 2013, 11, 22, 5, 1030, 496, 149.220000, -25.850000, 1.413893e-09, 1.763688e+01, 5.775000e+01, 3.579944e-03, 1.900045e+02, 1.579688e+01, 8.404472e+00, 1.864262e-03
49, 2013, 11, 22, 3, 1028, 502, 149.140000, -25.610000, 2.010539e-08, 1.682603e+01, 5.650000e+01, 4.364587e-03, 1.257295e+02, 1.699219e+01, 7.976212e+00, 1.192739e-03
49, 2013, 11, 22, 4, 1027, 500, 149.100000, -25.690000, 1.228185e-08, 1.621480e+01, 5.775000e+01, 1.234017e-02, 9.823869e+01, 1.491016e+01, 7.385239e+00, 5.891574e-03
50, 2013, 11, 22, 3, 1025, 503, 149.020000, -25.570000, 2.750161e-08, 1.841135e+01, 5.750000e+01, 7.665202e-03, 1.390628e+02, 1.498438e+01, 7.469299e+00, 3.110999e-03
50, 2013, 11, 22, 4, 1027, 500, 149.100000, -25.690000, 1.228185e-08, 1.621480e+01, 5.775000e+01, 1.234017e-02, 9.823869e+01, 1.491016e+01, 7.385239e+00, 5.891574e-03
51, 2013, 11, 22, 3, 1020, 596, 148.820000, -21.850000, 9.781836e-09, 1.882462e+01, 5.437500e+01, 1.810439e-03, 1.224042e+02, 1.705859e+01, 8.688400e+00, 2.402858e-04
51, 2013, 11, 22, 4, 1021, 595, 148.860000, -21.890000, 6.797988e-09, 1.707807e+01, 5.437500e+01, 3.035143e-03, 1.338659e+02, 2.168750e+01, 1.041566e+01, 1.333890e-03
52, 2013, 11, 22, 3, 1018, 597, 148.740000, -21.810000, 9.781836e-09, 1.882462e+01, 5.587500e+01, 3.832795e-03, 1.224042e+02, 1.701953e+01, 8.865158e+00, 8.040727e-04
52, 2013, 11, 22, 4, 1021, 595, 148.860000, -21.890000, 6.797988e-09, 1.707807e+01, 5.437500e+01, 3.035143e-03, 1.338659e+02, 2.168750e+01, 1.041566e+01, 1.333890e-03
53, 2013, 11, 22, 4, 1029, 496, 149.180000, -25.850000, 3.772673e-09, 1.568790e+01, 5.362500e+01, 2.519615e-03, 1.617645e+02, 1.661328e+01, 8.189758e+00, 5.077833e-04
53, 2013, 11, 22, 5, 1030, 496, 149.220000, -25.850000, 1.413893e-09, 1.763688e+01, 5.775000e+01, 3.579944e-03, 1.900045e+02, 1.579688e+01, 8.404472e+00, 1.864262e-03
54, 2013, 11, 22, 4, 1027, 497, 149.100000, -25.810000, 3.772673e-09, 1.568790e+01, 5.675000e+01, 7.751457e-03, 1.617645e+02, 1.647656e+01, 8.189758e+00, 2.019310e-03
54, 2013, 11, 22, 5, 1030, 496, 149.220000, -25.850000, 1.413893e-09, 1.763688e+01, 5.775000e+01, 3.579944e-03, 1.900045e+02, 1.579688e+01, 8.404472e+00, 1.864262e-03
55, 2013, 11, 22, 4, 1039, 497, 149.580000, -25.810000, 2.017217e-08, 1.091550e+01, 5.162500e+01, 2.438575e-03, 1.044493e+02, 1.623047e+01, 9.197281e+00, 7.308959e-04
55, 2013, 11, 22, 5, 1040, 497, 149.620000, -25.810000, 7.829442e-09, 1.249108e+01, 5.487500e+01, 2.585202e-03, 1.015007e+02, 1.547656e+01, 8.576485e+00, 1.765125e-03
56, 2013, 11, 22, 4, 1033, 498, 149.340000, -25.770000, 6.191551e-08, 1.447511e+01, 5.525000e+01, 5.787842e-03, 1.108498e+02, 1.534375e+01, 8.265488e+00, 2.864938e-03
56, 2013, 11, 22, 5, 1034, 495, 149.380000, -25.890000, 1.162811e-09, 1.905629e+01, 5.550000e+01, 3.537506e-03, 2.626268e+02, 1.579688e+01, 8.465019e+00, 1.827483e-03
57, 2013, 11, 22, 4, 1039, 499, 149.580000, -25.730000, 2.017217e-08, 1.091550e+01, 5.162500e+01, 2.516799e-03, 1.044493e+02, 1.623047e+01, 9.197281e+00, 1.509671e-03
57, 2013, 11, 22, 5, 1040, 497, 149.620000, -25.810000, 7.829442e-09, 1.249108e+01, 5.487500e+01, 2.585202e-03, 1.015007e+02, 1.547656e+01, 8.576485e+00, 1.765125e-03
58, 2013, 11, 22, 4, 1033, 500, 149.340000, -25.690000, 6.191551e-08, 1.447511e+01, 5.525000e+01, 6.299630e-03, 1.108498e+02, 1.542188e+01, 8.265488e+00, 3.536433e-03
58, 2013, 11, 22, 5, 1030, 496, 149.220000, -25.850000, 1.413893e-09, 1.763688e+01, 5.775000e+01, 3.579944e-03, 1.900045e+02, 1.579688e+01, 8.404472e+00, 1.864262e-03
59, 2013, 11, 22, 4, 1033, 542, 149.340000, -24.010000, 2.390802e-10, 1.038281e+01, 5.575000e+01, 1.736864e-03, 8.132897e+01, 1.635156e+01, 8.308746e+00, 2.105772e-04
59, 2013, 11, 22, 5, 1033, 542, 149.340000, -24.010000, 2.810773e-09, 1.395412e+01, 5.800000e+01, 8.069344e-03, 1.047694e+02, 2.133203e+01, 1.149570e+01, 4.183202e-03
60, 2013, 11, 22, 4, 1030, 552, 149.220000, -23.610000, 1.022093e-08, 1.611965e+01, 5.975000e+01, 3.263608e-03, 2.112854e+02, 1.749609e+01, 1.000445e+01, 1.302247e-03
60, 2013, 11, 22, 5, 1034, 551, 149.380000, -23.650000, 1.218646e-08, 1.324042e+01, 5.462500e+01, 2.990536e-03, 1.006984e+02, 1.803906e+01, 1.033533e+01, 2.211004e-03
61, 2013, 11, 22, 4, 1024, 559, 148.980000, -23.330000, 8.968426e-09, 1.847116e+01, 5.800000e+01, 5.202740e-03, 1.105890e+02, 1.693359e+01, 9.304657e+00, 2.497279e-03
61, 2013, 11, 22, 5, 1024, 559, 148.980000, -23.330000, 1.913484e-08, 1.675591e+01, 5.825000e+01, 1.076432e-02, 1.141978e+02, 1.662109e+01, 1.049770e+01, 6.652460e-03
62, 2013, 11, 22, 5, 1051, 495, 150.060000, -25.890000, 9.455247e-09, 1.578675e+01, 5.500000e+01, 3.520474e-03, 1.334057e+02, 1.529688e+01, 8.767059e+00, 1.830488e-03
62, 2013, 11, 22, 6, 1048, 491, 149.940000, -26.050000, 9.804439e-09, 8.179245e+00, 5.412500e+01, 2.491996e-03, 8.949329e+01, 1.992188e+01, 1.123151e+01, 1.546651e-03
63, 2013, 11, 22, 5, 1047, 496, 149.900000, -25.850000, 1.233826e-08, 1.886867e+01, 5.462500e+01, 3.086038e-03, 1.548508e+02, 1.646094e+01, 9.219543e+00, 1.850715e-03
63, 2013, 11, 22, 6, 1045, 492, 149.820000, -26.010000, 7.466484e-10, 1.003093e+01, 5.587500e+01, 3.104627e-03, 9.584016e+01, 1.989062e+01, 1.127158e+01, 1.891507e-03
64, 2013, 11, 22, 7, 1097, 509, 151.900000, -25.330000, 1.347648e-09, 8.857143e+00, 5.350000e+01, 3.627822e-03, 8.091597e+01, 1.709766e+01, 8.760986e+00, 8.567118e-04
64, 2013, 11, 22, 8, 1098, 509, 151.940000, -25.330000, 6.289897e-09, 7.837509e+00, 5.675000e+01, 8.825034e-03, 8.116697e+01, 1.756641e+01, 9.181793e+00, 4.342689e-03
65, 2013, 11, 22, 7, 1095, 510, 151.820000, -25.290000, 3.854483e-09, 9.307333e+00, 5.637500e+01, 6.417029e-03, 8.091597e+01, 1.587500e+01, 8.144554e+00, 2.665096e-03
65, 2013, 11, 22, 8, 1098, 509, 151.940000, -25.330000, 6.289897e-09, 7.837509e+00, 5.675000e+01, 8.825034e-03, 8.116697e+01, 1.756641e+01, 9.181793e+00, 4.342689e-03
66, 2013, 11, 22, 7, 1093, 511, 151.740000, -25.250000, 4.228656e-09, 9.091162e+00, 5.662500e+01, 7.497169e-03, 7.979945e+01, 1.475000e+01, 7.764008e+00, 4.172368e-03
66, 2013, 11, 22, 8, 1098, 509, 151.940000, -25.330000, 6.289897e-09, 7.837509e+00, 5.675000e+01, 8.825034e-03, 8.116697e+01, 1.756641e+01, 9.181793e+00, 4.342689e-03
67, 2013, 11, 24, 4, 1111, 494, 152.460000, -25.930000, 5.211965e-09, 1.537171e+01, 5.800000e+01, 7.662021e-03, 1.104041e+02, 1.723438e+01, 8.181046e+00, 1.813765e-03
67, 2013, 11, 24, 5, 1112, 493, 152.500000, -25.970000, 8.508181e-09, 1.591695e+01, 5.875000e+01, 1.240091e-02, 1.016594e+02, 1.675000e+01, 7.754463e+00, 8.346057e-03
68, 2013, 11, 24, 4, 1108, 496, 152.340000, -25.850000, 1.731912e-09, 1.323635e+01, 5.837500e+01, 8.941352e-03, 8.538039e+01, 1.462891e+01, 7.371094e+00, 4.831521e-03
68, 2013, 11, 24, 5, 1112, 493, 152.500000, -25.970000, 8.508181e-09, 1.591695e+01, 5.875000e+01, 1.240091e-02, 1.016594e+02, 1.675000e+01, 7.754463e+00, 8.346057e-03
69, 2013, 11, 24, 4, 1116, 499, 152.660000, -25.730000, 5.455738e-09, 1.180601e+01, 5.712500e+01, 5.358130e-03, 8.646986e+01, 1.428516e+01, 7.048576e+00, 1.628658e-03
69, 2013, 11, 24, 5, 1117, 498, 152.700000, -25.770000, 2.529456e-09, 1.046828e+01, 5.587500e+01, 5.376652e-03, 9.396902e+01, 1.633984e+01, 7.094627e+00, 3.885837e-03
70, 2013, 11, 24, 4, 1114, 501, 152.580000, -25.650000, 5.455738e-09, 1.478512e+01, 5.837500e+01, 1.130047e-02, 1.026719e+02, 1.426953e+01, 7.048576e+00, 4.307169e-03
70, 2013, 11, 24, 5, 1117, 498, 152.700000, -25.770000, 2.529456e-09, 1.046828e+01, 5.587500e+01, 5.376652e-03, 9.396902e+01, 1.633984e+01, 7.094627e+00, 3.885837e-03
71, 2013, 11, 25, 0, 1155, 568, 154.220000, -22.970000, 4.729299e-09, 1.335916e+01, 5.475000e+01, 2.889305e-03, 9.382451e+01, 1.863281e+01, 1.420135e+01, 6.079801e-04
71, 2013, 11, 25, 1, 1156, 568, 154.260000, -22.970000, 3.080298e-10, 1.271002e+01, 5.550000e+01, 3.493458e-03, 8.747307e+01, 1.962500e+01, 1.425253e+01, 1.468408e-03
72, 2013, 11, 25, 0, 1151, 569, 154.060000, -22.930000, 2.465142e-10, 1.379338e+01, 5.525000e+01, 3.485560e-03, 1.022599e+02, 1.883984e+01, 1.397420e+01, 1.714075e-03
72, 2013, 11, 25, 1, 1156, 568, 154.260000, -22.970000, 3.080298e-10, 1.271002e+01, 5.550000e+01, 3.493458e-03, 8.747307e+01, 1.962500e+01, 1.425253e+01, 1.468408e-03
73, 2013, 11, 25, 0, 1196, 578, 155.860000, -22.570000, 5.563518e-10, 1.436796e+01, 5.825000e+01, 6.617427e-03, 8.880143e+01, 1.543359e+01, 1.155112e+01, 1.113227e-03
73, 2013, 11, 25, 1, 1197, 578, 155.900000, -22.570000, 2.160927e-09, 1.428106e+01, 5.887500e+01, 8.848473e-03, 9.772968e+01, 1.774609e+01, 1.427116e+01, 5.453446e-03
74, 2013, 11, 25, 0, 1193, 580, 155.740000, -22.490000, 7.638717e-10, 1.436796e+01, 5.850000e+01, 8.492060e-03, 8.656457e+01, 1.543359e+01, 1.156986e+01, 4.697106e-03
74, 2013, 11, 25, 1, 1197, 578, 155.900000, -22.570000, 2.160927e-09, 1.428106e+01, 5.887500e+01, 8.848473e-03, 9.772968e+01, 1.774609e+01, 1.427116e+01, 5.453446e-03
75, 2013, 11, 29, 6, 1057, 397, 150.300000, -29.810000, 2.060504e-08, 9.565325e+00, 5.637500e+01, 3.695741e-03, 7.835812e+01, 1.257422e+01, 6.148743e+00, 6.555890e-04
75, 2013, 11, 29, 7, 1058, 397, 150.340000, -29.810000, 1.642333e-08, 1.202444e+01, 5.662500e+01, 5.275875e-03, 8.899839e+01, 1.236719e+01, 6.664948e+00, 2.174609e-03
